Variable Name;Variable File;Variable Line;Fault Injection Time(s);Injection Time Interval;Fault Model
testCases;lreg.cpp;164;1.9653003215789795;0-2;Single bit-flip
N;lreg.cpp;105;2.657789945602417;0-2;Single bit-flip
__pointer_chk_guard_local;rtld.c;96;1.8891410827636719;0-2;Single bit-flip
predictions;lreg.cpp;169;2.215080976486206;0-2;Single bit-flip
predictions;lreg.cpp;169;1.3495762348175049;0-2;Single bit-flip
testCases;lreg.cpp;164;0.9115931987762451;0-2;Single bit-flip
iterations;lreg.cpp;105;1.1930549144744873;0-2;Single bit-flip
testCases;lreg.cpp;164;1.1503734588623047;0-2;Single bit-flip
testCases;lreg.cpp;164;0.7297263145446777;0-2;Single bit-flip
testCases;lreg.cpp;164;1.006246566772461;0-2;Single bit-flip
testCases;lreg.cpp;164;1.649038553237915;0-2;Single bit-flip
testCases;lreg.cpp;164;2.1950392723083496;0-2;Single bit-flip
testCases;lreg.cpp;164;0.8712553977966309;0-2;Single bit-flip
x;lreg.cpp;32;1.230940580368042;0-2;Single bit-flip
x;lreg.cpp;32;1.0954546928405762;0-2;Single bit-flip
predictions;lreg.cpp;169;0.63686203956604;0-2;Single bit-flip
testCases;lreg.cpp;164;1.1763544082641602;0-2;Single bit-flip
x;lreg.cpp;32;1.5793180465698242;0-2;Single bit-flip
val;lreg.cpp;48;2.2469141483306885;0-2;Single bit-flip
testCases;lreg.cpp;164;1.5214149951934814;0-2;Single bit-flip
testCases;lreg.cpp;164;1.4607717990875244;0-2;Single bit-flip
testCases;lreg.cpp;164;1.1354234218597412;0-2;Single bit-flip
iterations;lreg.cpp;105;1.3801448345184326;0-2;Single bit-flip
testCases;lreg.cpp;164;0.9798693656921387;0-2;Single bit-flip
predictions;lreg.cpp;169;1.351590633392334;0-2;Single bit-flip
_rtld_global;rtld.c;231;0.5297861099243164;0-2;Single bit-flip
testCases;lreg.cpp;164;1.1840405464172363;0-2;Single bit-flip
x;lreg.cpp;32;0.8579316139221191;0-2;Single bit-flip
x;lreg.cpp;32;1.7747206687927246;0-2;Single bit-flip
testCases;lreg.cpp;164;1.6927576065063477;0-2;Single bit-flip
testCases;lreg.cpp;164;1.01171875;0-2;Single bit-flip
testCases;lreg.cpp;164;1.6986181735992432;0-2;Single bit-flip
predictions;lreg.cpp;169;1.7796111106872559;0-2;Single bit-flip
_dl_argc;rtld.c;82;2.25264310836792;0-2;Single bit-flip
load_time;rtld.c;307;2.834127187728882;0-2;Single bit-flip
_dl_rtld_libname2;rtld.c;302;2.8029656410217285;0-2;Single bit-flip
_dl_argc;rtld.c;82;2.4200477600097656;0-2;Single bit-flip
preloadlist;rtld.c;825;1.9015426635742188;0-2;Single bit-flip
__PRETTY_FUNCTION__;rtld.c;0;2.341628313064575;0-2;Single bit-flip
preloadlist;rtld.c;825;2.02179217338562;0-2;Single bit-flip
rtld_total_time;rtld.c;417;2.4094274044036865;0-2;Single bit-flip
errstring;dl-reloc.c;323;0.6850869655609131;0-2;Single bit-flip
T;lreg.cpp;34;1.9634952545166016;0-2;Single bit-flip
tls_init_tp_called;rtld.c;677;2.041046380996704;0-2;Single bit-flip
relocate_time;rtld.c;306;2.3883631229400635;0-2;Single bit-flip
y;lreg.cpp;33;2.3074488639831543;0-2;Single bit-flip
tls_init_tp_called;rtld.c;677;2.610961675643921;0-2;Single bit-flip
__GI__dl_argv;rtld.c;83;2.2060306072235107;0-2;Single bit-flip
__GI__dl_argv;rtld.c;83;1.880082607269287;0-2;Single bit-flip
__libc_multiple_libcs;../elf/dl-sysdep.c;60;2.2830536365509033;0-2;Single bit-flip
_rtld_global;rtld.c;231;1.4840519428253174;0-2;Single bit-flip
__pointer_chk_guard_local;rtld.c;96;2.4216418266296387;0-2;Single bit-flip
tls_init_tp_called;rtld.c;677;2.348493814468384;0-2;Single bit-flip
_rtld_global;rtld.c;231;3.081296682357788;0-2;Single bit-flip
__GI___libc_enable_secure;../elf/dl-sysdep.c;58;2.2891407012939453;0-2;Single bit-flip
library_path;rtld.c;823;2.493372678756714;0-2;Single bit-flip
preloadlist;rtld.c;825;3.0636091232299805;0-2;Single bit-flip
__GI__dl_argv;rtld.c;83;2.628427267074585;0-2;Single bit-flip
predictions;lreg.cpp;169;3.888291835784912;0-2;Single bit-flip
__libc_multiple_libcs;../elf/dl-sysdep.c;60;2.1995675563812256;0-2;Single bit-flip
_dl_rtld_libname2;rtld.c;302;0.5475049018859863;0-2;Single bit-flip
_dl_argc;rtld.c;82;2.7616701126098633;0-2;Single bit-flip
__GI___libc_enable_secure;../elf/dl-sysdep.c;58;2.2629618644714355;0-2;Single bit-flip
audit_list;rtld.c;142;2.9090354442596436;0-2;Single bit-flip
_rtld_global;rtld.c;231;1.741246223449707;0-2;Single bit-flip
_dl_rtld_libname2;rtld.c;302;2.4923996925354004;0-2;Single bit-flip
__libc_multiple_libcs;../elf/dl-sysdep.c;60;2.0299882888793945;0-2;Single bit-flip
audit_list;rtld.c;142;1.8813235759735107;0-2;Single bit-flip
load_time;rtld.c;307;3.1658904552459717;0-2;Single bit-flip
_dl_rtld_libname;rtld.c;301;1.8894331455230713;0-2;Single bit-flip
iterations;lreg.cpp;105;1.4072444438934326;0-2;Single bit-flip
tls_init_tp_called;rtld.c;677;2.260256767272949;0-2;Single bit-flip
audit_list_string;rtld.c;134;2.0944857597351074;0-2;Single bit-flip
audit_list;rtld.c;142;1.7341387271881104;0-2;Single bit-flip
_rtld_global_ro;rtld.c;259;3.3043651580810547;0-2;Single bit-flip
audit_list_string;rtld.c;134;3.06646990776062;0-2;Single bit-flip
_dl_rtld_libname2;rtld.c;302;3.092474937438965;0-2;Single bit-flip
load_time;rtld.c;307;1.7396245002746582;0-2;Single bit-flip
__libc_multiple_libcs;../elf/dl-sysdep.c;60;2.2722127437591553;0-2;Single bit-flip
iterations;lreg.cpp;105;2.1970458030700684;0-2;Single bit-flip
load_time;rtld.c;307;1.4215950965881348;0-2;Single bit-flip
_dl_rtld_libname;rtld.c;301;2.1191930770874023;0-2;Single bit-flip
__GI__dl_argv;rtld.c;83;2.848353862762451;0-2;Single bit-flip
tls_init_tp_called;rtld.c;677;1.6185579299926758;0-2;Single bit-flip
preloadlist;rtld.c;825;2.710968494415283;0-2;Single bit-flip
library_path;rtld.c;823;2.582005262374878;0-2;Single bit-flip
__pointer_chk_guard_local;rtld.c;96;2.917245864868164;0-2;Single bit-flip
audit_list;rtld.c;142;2.4667017459869385;0-2;Single bit-flip
__libc_multiple_libcs;../elf/dl-sysdep.c;60;3.2028632164001465;0-2;Single bit-flip
i;lreg.cpp;49;1.5930719375610352;0-2;Single bit-flip
library_path;rtld.c;823;1.7040865421295166;0-2;Single bit-flip
testCases;lreg.cpp;164;1.7247576713562012;0-2;Single bit-flip
relocate_time;rtld.c;306;2.4800448417663574;0-2;Single bit-flip
tls_init_tp_called;rtld.c;677;2.476059913635254;0-2;Single bit-flip
load_time;rtld.c;307;1.3012685775756836;0-2;Single bit-flip
any_debug;rtld.c;2322;2.733996868133545;0-2;Single bit-flip
_dl_rtld_libname;rtld.c;301;1.8825745582580566;0-2;Single bit-flip
_rtld_global_ro;rtld.c;259;1.8413255214691162;0-2;Single bit-flip
_rtld_global;rtld.c;231;2.298682689666748;0-2;Single bit-flip
__pointer_chk_guard_local;rtld.c;96;2.4838850498199463;0-2;Single bit-flip
load_time;rtld.c;307;2.7940244674682617;0-2;Single bit-flip
pD;lreg.cpp;72;1.6584053039550781;0-2;Single bit-flip
v;lreg.cpp;47;1.6532273292541504;0-2;Single bit-flip
load_time;rtld.c;307;1.6149930953979492;0-2;Single bit-flip
__GI___libc_enable_secure;../elf/dl-sysdep.c;58;2.6157686710357666;0-2;Single bit-flip
audit_list_string;rtld.c;134;2.3145153522491455;0-2;Single bit-flip
_rtld_global_ro;rtld.c;259;2.262458562850952;0-2;Single bit-flip
i;lreg.cpp;167;1.7586112022399902;0-2;Single bit-flip
_dl_argc;rtld.c;82;2.722240924835205;0-2;Single bit-flip
_dl_argc;rtld.c;82;3.015223979949951;0-2;Single bit-flip
__GI___libc_enable_secure;../elf/dl-sysdep.c;58;1.5152056217193604;0-2;Single bit-flip
any_debug;rtld.c;2322;1.9534578323364258;0-2;Single bit-flip
__libc_multiple_libcs;../elf/dl-sysdep.c;60;2.7278048992156982;0-2;Single bit-flip
iterations;lreg.cpp;105;0.8602266311645508;0-2;Single bit-flip
preloadlist;rtld.c;825;3.767592430114746;0-2;Single bit-flip
preloadlist;rtld.c;825;3.2579345703125;0-2;Single bit-flip
__libc_multiple_libcs;../elf/dl-sysdep.c;60;2.1678555011749268;0-2;Single bit-flip
__libc_multiple_libcs;../elf/dl-sysdep.c;60;1.3956091403961182;0-2;Single bit-flip
__GI__dl_argv;rtld.c;83;2.7695159912109375;0-2;Single bit-flip
_rtld_global;rtld.c;231;2.581801176071167;0-2;Single bit-flip
__pointer_chk_guard_local;rtld.c;96;2.8383708000183105;0-2;Single bit-flip
testCases;lreg.cpp;164;1.7562665939331055;0-2;Single bit-flip
predictions;lreg.cpp;169;2.268261432647705;0-2;Single bit-flip
_dl_rtld_libname;rtld.c;301;2.544779062271118;0-2;Single bit-flip
iterations;lreg.cpp;105;1.8346259593963623;0-2;Single bit-flip
testCases;lreg.cpp;164;1.5932650566101074;0-2;Single bit-flip
__libc_multiple_libcs;../elf/dl-sysdep.c;60;2.043602228164673;0-2;Single bit-flip
T;lreg.cpp;34;1.5219335556030273;0-2;Single bit-flip
preloadlist;rtld.c;825;2.0107786655426025;0-2;Single bit-flip
i;lreg.cpp;118;1.6815338134765625;0-2;Single bit-flip
relocate_time;rtld.c;306;2.060898542404175;0-2;Single bit-flip
testCases;lreg.cpp;164;1.4154417514801025;0-2;Single bit-flip
iterations;lreg.cpp;105;0.9634180068969727;0-2;Single bit-flip
start_time;rtld.c;308;2.5055055618286133;0-2;Single bit-flip
load_time;rtld.c;307;1.6509778499603271;0-2;Single bit-flip
PD;lreg.cpp;85;1.9445271492004395;0-2;Single bit-flip
x;lreg.cpp;32;1.8251104354858398;0-2;Single bit-flip
T;lreg.cpp;34;1.5100688934326172;0-2;Single bit-flip
testCases;lreg.cpp;164;1.6093008518218994;0-2;Single bit-flip
iterations;lreg.cpp;105;1.3270502090454102;0-2;Single bit-flip
ln_two1;../sysdeps/ieee754/dbl-64/uexp.h;57;2.322643280029297;0-2;Single bit-flip
i;lreg.cpp;167;1.6765506267547607;0-2;Single bit-flip
iterations;lreg.cpp;105;0.9517533779144287;0-2;Single bit-flip
x;lreg.cpp;32;1.120497465133667;0-2;Single bit-flip
i;lreg.cpp;118;1.4236934185028076;0-2;Random bit-flip
__GI__dl_argv;rtld.c;83;2.5133249759674072;0-2;Random bit-flip
any_debug;rtld.c;2322;2.611039638519287;0-2;Random bit-flip
audit_list_string;rtld.c;134;0.7388565540313721;0-2;Random bit-flip
T;lreg.cpp;34;1.4461312294006348;0-2;Random bit-flip
i;lreg.cpp;167;0.8783531188964844;0-2;Random bit-flip
i;lreg.cpp;118;0.9757893085479736;0-2;Random bit-flip
__GI___libc_enable_secure;../elf/dl-sysdep.c;58;2.042494297027588;0-2;Random bit-flip
alpha;lreg.cpp;168;1.9436454772949219;0-2;Random bit-flip
testCases;lreg.cpp;164;1.8842151165008545;0-2;Random bit-flip
iterations;lreg.cpp;105;1.8075451850891113;0-2;Random bit-flip
rtld_total_time;rtld.c;417;2.420164108276367;0-2;Random bit-flip
_dl_rtld_libname;rtld.c;301;1.760152816772461;0-2;Random bit-flip
file_size;rtld.c;874;2.475260019302368;0-2;Random bit-flip
alpha;lreg.cpp;105;2.4230878353118896;0-2;Random bit-flip
testCases;lreg.cpp;164;1.5541789531707764;0-2;Random bit-flip
library_path;rtld.c;823;2.2926323413848877;0-2;Random bit-flip
predictions;lreg.cpp;169;1.4507067203521729;0-2;Random bit-flip
N;lreg.cpp;105;2.2127954959869385;0-2;Random bit-flip
_dl_argc;rtld.c;82;2.262913942337036;0-2;Random bit-flip
version_info;rtld.c;827;2.214846611022949;0-2;Random bit-flip
i;lreg.cpp;167;1.2598240375518799;0-2;Random bit-flip
i;lreg.cpp;118;1.5739686489105225;0-2;Random bit-flip
iterations;lreg.cpp;105;0.751833438873291;0-2;Random bit-flip
__pointer_chk_guard_local;rtld.c;96;2.304760694503784;0-2;Random bit-flip
i;lreg.cpp;167;1.5945963859558105;0-2;Random bit-flip
i;lreg.cpp;118;1.571552038192749;0-2;Random bit-flip
testCases;lreg.cpp;164;1.2389113903045654;0-2;Random bit-flip
testCases;lreg.cpp;164;1.3443775177001953;0-2;Random bit-flip
version_info;rtld.c;827;2.8382270336151123;0-2;Random bit-flip
testCases;lreg.cpp;164;1.0007572174072266;0-2;Random bit-flip
i;lreg.cpp;167;1.7493069171905518;0-2;Random bit-flip
i;lreg.cpp;167;1.2952260971069336;0-2;Random bit-flip
testCases;lreg.cpp;164;0.9664270877838135;0-2;Random bit-flip
iterations;lreg.cpp;105;1.8143079280853271;0-2;Random bit-flip
_dl_rtld_libname2;rtld.c;302;1.1091935634613037;0-2;Random bit-flip
testCases;lreg.cpp;164;1.435072660446167;0-2;Random bit-flip
start_time;rtld.c;308;1.9315533638000488;0-2;Random bit-flip
__GI__dl_argv;rtld.c;83;2.6476590633392334;0-2;Random bit-flip
any_debug;rtld.c;2322;2.0676112174987793;0-2;Random bit-flip
load_time;rtld.c;307;1.9722850322723389;0-2;Random bit-flip
i;lreg.cpp;118;1.3208649158477783;0-2;Random bit-flip
i;lreg.cpp;167;0.7776427268981934;0-2;Random bit-flip
testCases;lreg.cpp;164;0.82615065574646;0-2;Random bit-flip
testCases;lreg.cpp;164;1.6956391334533691;0-2;Random bit-flip
iterations;lreg.cpp;105;1.9503214359283447;0-2;Random bit-flip
iterations;lreg.cpp;105;1.2183678150177002;0-2;Random bit-flip
i;lreg.cpp;167;1.308112382888794;0-2;Random bit-flip
predictions;lreg.cpp;169;2.022125005722046;0-2;Random bit-flip
testCases;lreg.cpp;164;1.4454762935638428;0-2;Random bit-flip
testCases;lreg.cpp;164;1.120485782623291;0-2;Random bit-flip
i;lreg.cpp;118;2.194727897644043;0-2;Random bit-flip
iterations;lreg.cpp;105;2.523820638656616;0-2;Random bit-flip
i;lreg.cpp;118;3.401014566421509;0-2;Random bit-flip
iterations;lreg.cpp;105;1.5790510177612305;0-2;Random bit-flip
predictions;lreg.cpp;169;2.0717613697052;0-2;Random bit-flip
ui;../sysdeps/ieee754/dbl-64/upow.tbl;5108;2.3402206897735596;0-2;Random bit-flip
iterations;lreg.cpp;105;1.2569541931152344;0-2;Random bit-flip
predictions;lreg.cpp;169;1.1952219009399414;0-2;Random bit-flip
iterations;lreg.cpp;105;1.9153401851654053;0-2;Random bit-flip
i;lreg.cpp;118;1.997938871383667;0-2;Random bit-flip
testCases;lreg.cpp;164;2.0001261234283447;0-2;Random bit-flip
iterations;lreg.cpp;105;1.6966769695281982;0-2;Random bit-flip
iterations;lreg.cpp;105;1.112605094909668;0-2;Random bit-flip
i;lreg.cpp;118;0.8261618614196777;0-2;Random bit-flip
__PRETTY_FUNCTION__;rtld.c;0;1.8486120700836182;0-2;Random bit-flip
i;lreg.cpp;118;1.755185604095459;0-2;Random bit-flip
testCases;lreg.cpp;164;1.6098811626434326;0-2;Random bit-flip
i;lreg.cpp;167;1.2730827331542969;0-2;Random bit-flip
_rtld_global;rtld.c;231;0.570533037185669;0-2;Random bit-flip
predictions;lreg.cpp;169;1.6383936405181885;0-2;Random bit-flip
predictions;lreg.cpp;169;1.9128715991973877;0-2;Random bit-flip
i;lreg.cpp;118;1.3989880084991455;0-2;Random bit-flip
i;lreg.cpp;118;1.8126840591430664;0-2;Random bit-flip
iterations;lreg.cpp;105;1.6932895183563232;0-2;Random bit-flip
T;lreg.cpp;34;2.920917510986328;0-2;Random bit-flip
i;lreg.cpp;118;1.341306447982788;0-2;Random bit-flip
i;lreg.cpp;167;0.9099104404449463;0-2;Random bit-flip
predictions;lreg.cpp;169;1.1314687728881836;0-2;Random bit-flip
T;lreg.cpp;34;4.001814126968384;0-2;Random bit-flip
iterations;lreg.cpp;105;2.1115400791168213;0-2;Random bit-flip
temp;lreg.cpp;168;1.3106732368469238;0-2;Random bit-flip
iterations;lreg.cpp;105;3.3353500366210938;0-2;Random bit-flip
testCases;lreg.cpp;164;1.6886069774627686;0-2;Random bit-flip
i;lreg.cpp;118;1.0595364570617676;0-2;Random bit-flip
testCases;lreg.cpp;164;1.351417064666748;0-2;Random bit-flip
predictions;lreg.cpp;169;1.6711783409118652;0-2;Random bit-flip
alpha;lreg.cpp;168;2.3542354106903076;0-2;Random bit-flip
predictions;lreg.cpp;169;1.3678615093231201;0-2;Random bit-flip
i;lreg.cpp;118;1.8197097778320312;0-2;Random bit-flip
_rtld_global;rtld.c;231;2.1590349674224854;0-2;Random bit-flip
__GI___libc_enable_secure;../elf/dl-sysdep.c;58;2.190650224685669;0-2;Random bit-flip
_rtld_global;rtld.c;231;3.417377471923828;0-2;Random bit-flip
_rtld_global_ro;rtld.c;259;2.9346461296081543;0-2;Random bit-flip
__GI__dl_argv;rtld.c;83;1.4814410209655762;0-2;Random bit-flip
__libc_multiple_libcs;../elf/dl-sysdep.c;60;2.4289650917053223;0-2;Random bit-flip
ranges;dl-reloc.c;258;0.869556188583374;0-2;Random bit-flip
testCases;lreg.cpp;164;2.684608221054077;0-2;Random bit-flip
__libc_multiple_libcs;../elf/dl-sysdep.c;60;2.7523515224456787;0-2;Random bit-flip
rtld_total_time;rtld.c;417;2.6700892448425293;0-2;Random bit-flip
relocate_time;rtld.c;306;2.843733787536621;0-2;Random bit-flip
__GI__dl_argv;rtld.c;83;0.8974158763885498;0-2;Random bit-flip
_rtld_global_ro;rtld.c;259;2.6981043815612793;0-2;Random bit-flip
preloadlist;rtld.c;825;2.563028573989868;0-2;Random bit-flip
__pointer_chk_guard_local;rtld.c;96;2.5868940353393555;0-2;Random bit-flip
preloadlist;rtld.c;825;2.295055389404297;0-2;Random bit-flip
_dl_argc;rtld.c;82;1.8204638957977295;0-2;Random bit-flip
rtld_total_time;rtld.c;417;1.8827407360076904;0-2;Random bit-flip
version_info;rtld.c;827;2.5521626472473145;0-2;Random bit-flip
version_info;rtld.c;827;2.877875804901123;0-2;Random bit-flip
_dl_argc;rtld.c;82;2.2947630882263184;0-2;Random bit-flip
__libc_multiple_libcs;../elf/dl-sysdep.c;60;2.3547120094299316;0-2;Random bit-flip
preloadlist;rtld.c;825;1.4371683597564697;0-2;Random bit-flip
__libc_multiple_libcs;../elf/dl-sysdep.c;60;2.312378168106079;0-2;Random bit-flip
_rtld_global_ro;rtld.c;259;2.32918381690979;0-2;Random bit-flip
_dl_argc;rtld.c;82;1.6888291835784912;0-2;Random bit-flip
iterations;lreg.cpp;105;1.891387701034546;0-2;Random bit-flip
__GI___libc_enable_secure;../elf/dl-sysdep.c;58;2.966874361038208;0-2;Random bit-flip
testCases;lreg.cpp;164;1.343139410018921;0-2;Random bit-flip
__libc_multiple_libcs;../elf/dl-sysdep.c;60;2.184069871902466;0-2;Random bit-flip
start_time;rtld.c;308;2.963740110397339;0-2;Random bit-flip
relocate_time;rtld.c;306;1.6266613006591797;0-2;Random bit-flip
_dl_rtld_libname2;rtld.c;302;1.9602787494659424;0-2;Random bit-flip
preloadlist;rtld.c;825;1.9952983856201172;0-2;Random bit-flip
__pointer_chk_guard_local;rtld.c;96;2.5143518447875977;0-2;Random bit-flip
relocate_time;rtld.c;306;1.9178931713104248;0-2;Random bit-flip
relocate_time;rtld.c;306;2.173025369644165;0-2;Random bit-flip
version_info;rtld.c;827;2.9794130325317383;0-2;Random bit-flip
audit_list;rtld.c;142;1.9745779037475586;0-2;Random bit-flip
library_path;rtld.c;823;1.3926539421081543;0-2;Random bit-flip
iterations;lreg.cpp;105;1.7350869178771973;0-2;Random bit-flip
__pointer_chk_guard_local;rtld.c;96;3.0538880825042725;0-2;Random bit-flip
any_debug;rtld.c;2322;2.2471323013305664;0-2;Random bit-flip
audit_list_string;rtld.c;134;2.4331541061401367;0-2;Random bit-flip
_rtld_global_ro;rtld.c;259;1.4048144817352295;0-2;Random bit-flip
audit_list;rtld.c;142;1.6338889598846436;0-2;Random bit-flip
preloadlist;rtld.c;825;1.6934587955474854;0-2;Random bit-flip
_dl_rtld_libname;rtld.c;301;1.473879098892212;0-2;Random bit-flip
preloadlist;rtld.c;825;2.3512353897094727;0-2;Random bit-flip
any_debug;rtld.c;2322;1.3921973705291748;0-2;Random bit-flip
__GI___libc_enable_secure;../elf/dl-sysdep.c;58;2.1767215728759766;0-2;Random bit-flip
_dl_rtld_libname2;rtld.c;302;2.2942841053009033;0-2;Random bit-flip
tls_init_tp_called;rtld.c;677;2.34146785736084;0-2;Random bit-flip
T;lreg.cpp;34;2.18929386138916;0-2;Random bit-flip
start_time;rtld.c;308;2.5322062969207764;0-2;Random bit-flip
audit_list;rtld.c;142;2.8060011863708496;0-2;Random bit-flip
three51;../sysdeps/ieee754/dbl-64/uexp.h;65;2.3752939701080322;0-2;Random bit-flip
version_info;rtld.c;827;1.7407002449035645;0-2;Random bit-flip
_rtld_global_ro;rtld.c;259;2.6734018325805664;0-2;Random bit-flip
audit_list_string;rtld.c;134;3.0837600231170654;0-2;Random bit-flip
any_debug;rtld.c;2322;2.9053218364715576;0-2;Random bit-flip
__pointer_chk_guard_local;rtld.c;96;2.8135910034179688;0-2;Random bit-flip
i;lreg.cpp;167;2.021106719970703;0-2;Random bit-flip
__libc_multiple_libcs;../elf/dl-sysdep.c;60;2.265991687774658;0-2;Random bit-flip
_rtld_global;rtld.c;231;3.145764112472534;0-2;Random bit-flip
testCases;lreg.cpp;164;1.317596197128296;0-2;Random bit-flip
_dl_rtld_libname;rtld.c;301;2.876667022705078;0-2;Random bit-flip
library_path;rtld.c;823;2.2063190937042236;0-2;Random bit-flip
_rtld_global_ro;rtld.c;259;2.939573287963867;0-2;Random bit-flip
preload_file;rtld.c;1630;2.0107975006103516;0-2;Random bit-flip
tls_init_tp_called;rtld.c;677;2.7608368396759033;0-2;Random bit-flip
T;lreg.cpp;34;2.1896867752075195;0-2;Random bit-flip
load_time;rtld.c;307;2.3580434322357178;0-2;Random bit-flip
__GI__dl_argv;rtld.c;83;2.175541400909424;0-2;Random bit-flip
__pointer_chk_guard_local;rtld.c;96;2.065347671508789;0-2;Random bit-flip
tls_init_tp_called;rtld.c;677;2.0337600708007812;0-2;Random bit-flip
audit_list_string;rtld.c;134;2.1326181888580322;0-2;Random bit-flip
version_info;rtld.c;827;2.52755069732666;0-2;Random bit-flip
_dl_rtld_libname;rtld.c;301;1.9021470546722412;0-2;Random bit-flip
audit_list;rtld.c;142;3.2837777137756348;0-2;Random bit-flip
any_debug;rtld.c;2322;2.315716505050659;0-2;Random bit-flip
tls_init_tp_called;rtld.c;677;2.0615365505218506;0-2;Random bit-flip
load_time;rtld.c;307;1.7175745964050293;0-2;Random bit-flip
i;lreg.cpp;118;2.0424084663391113;0-2;Random bit-flip
i;lreg.cpp;118;1.9599616527557373;0-2;Random bit-flip
alpha;lreg.cpp;168;1.9824419021606445;0-2;Random bit-flip
ln2a;../sysdeps/ieee754/dbl-64/upow.h;50;1.6336450576782227;0-2;Random bit-flip
i;lreg.cpp;167;3.492025852203369;0-2;Random bit-flip
i;lreg.cpp;118;1.9441807270050049;0-2;Random bit-flip
vj;../sysdeps/ieee754/dbl-64/upow.tbl;8010;2.0308022499084473;0-2;Random bit-flip
_rtld_global_ro;rtld.c;259;1.7920727729797363;0-2;Random bit-flip
predictions;lreg.cpp;169;1.4250786304473877;0-2;Random bit-flip
preloadlist;rtld.c;825;1.7245001792907715;0-2;Random bit-flip
iterations;lreg.cpp;105;1.4411723613739014;0-2;Random bit-flip
y;lreg.cpp;33;3.1301238536834717;0-2;Random bit-flip
__pointer_chk_guard_local;rtld.c;96;1.308619737625122;0-2;Random bit-flip
i;lreg.cpp;118;1.8715310096740723;0-2;Random bit-flip
i;lreg.cpp;167;1.403519630432129;0-2;Random bit-flip
i;lreg.cpp;118;3.0573782920837402;0-2;Random bit-flip
predictions;lreg.cpp;169;1.9790747165679932;0-2;Random bit-flip
predictions;lreg.cpp;169;1.899841547012329;0-2;Random bit-flip
i;lreg.cpp;118;1.1589879989624023;0-2;Random bit-flip
predictions;lreg.cpp;169;1.8675816059112549;0-2;Random bit-flip
i;lreg.cpp;167;1.8921139240264893;0-2;Random bit-flip
i;lreg.cpp;118;1.4867219924926758;0-2;Random bit-flip
i;lreg.cpp;86;1.7334415912628174;0-2;Random bit-flip
i;lreg.cpp;118;2.613999843597412;0-2;Random bit-flip
testCases;lreg.cpp;164;1.6900238990783691;0-2;Random bit-flip
iterations;lreg.cpp;105;1.8717334270477295;0-2;Random bit-flip
_dl_rtld_libname2;rtld.c;302;1.4217138290405273;0-2;Random bit-flip
i;lreg.cpp;167;1.9000229835510254;0-2;Random bit-flip
i;lreg.cpp;167;1.7740414142608643;0-2;Random bit-flip
i;lreg.cpp;118;1.6684324741363525;0-2;Random bit-flip
iterations;lreg.cpp;105;3.4084901809692383;0-2;Double bit-flip
testCases;lreg.cpp;164;1.6416029930114746;0-2;Double bit-flip
__GI__dl_argv;rtld.c;83;1.508890151977539;0-2;Double bit-flip
testCases;lreg.cpp;164;1.2841448783874512;0-2;Double bit-flip
x;lreg.cpp;32;1.0704169273376465;0-2;Double bit-flip
testCases;lreg.cpp;164;1.327674150466919;0-2;Double bit-flip
testCases;lreg.cpp;164;1.8400540351867676;0-2;Double bit-flip
testCases;lreg.cpp;164;1.932237148284912;0-2;Double bit-flip
iterations;lreg.cpp;105;0.7817239761352539;0-2;Double bit-flip
y;lreg.cpp;33;2.3339295387268066;0-2;Double bit-flip
testCases;lreg.cpp;164;1.0464625358581543;0-2;Double bit-flip
testCases;lreg.cpp;164;2.1052134037017822;0-2;Double bit-flip
testCases;lreg.cpp;164;1.145869255065918;0-2;Double bit-flip
testCases;lreg.cpp;164;2.1506359577178955;0-2;Double bit-flip
T;lreg.cpp;34;3.709998846054077;0-2;Double bit-flip
_rtld_global;rtld.c;231;0.9056341648101807;0-2;Double bit-flip
predictions;lreg.cpp;169;1.6253595352172852;0-2;Double bit-flip
testCases;lreg.cpp;164;1.4277174472808838;0-2;Double bit-flip
iterations;lreg.cpp;105;1.1778037548065186;0-2;Double bit-flip
testCases;lreg.cpp;164;0.9412598609924316;0-2;Double bit-flip
iterations;lreg.cpp;105;1.4614815711975098;0-2;Double bit-flip
iterations;lreg.cpp;105;1.2828116416931152;0-2;Double bit-flip
iterations;lreg.cpp;105;1.0357489585876465;0-2;Double bit-flip
testCases;lreg.cpp;164;1.6598966121673584;0-2;Double bit-flip
iterations;lreg.cpp;105;1.2745516300201416;0-2;Double bit-flip
iterations;lreg.cpp;105;1.5918078422546387;0-2;Double bit-flip
testCases;lreg.cpp;164;1.4611005783081055;0-2;Double bit-flip
testCases;lreg.cpp;164;1.6109380722045898;0-2;Double bit-flip
i;lreg.cpp;73;2.3647117614746094;0-2;Double bit-flip
predictions;lreg.cpp;169;1.4072885513305664;0-2;Double bit-flip
testCases;lreg.cpp;164;1.47403883934021;0-2;Double bit-flip
predictions;lreg.cpp;169;1.7643539905548096;0-2;Double bit-flip
testCases;lreg.cpp;164;1.0497567653656006;0-2;Double bit-flip
testCases;lreg.cpp;164;1.4750170707702637;0-2;Double bit-flip
start_time;rtld.c;308;1.77732253074646;0-2;Double bit-flip
_dl_rtld_libname2;rtld.c;302;1.4269931316375732;0-2;Double bit-flip
relocate_time;rtld.c;306;2.7845067977905273;0-2;Double bit-flip
_dl_rtld_libname;rtld.c;301;1.5196144580841064;0-2;Double bit-flip
audit_list_string;rtld.c;134;3.078054189682007;0-2;Double bit-flip
tls_init_tp_called;rtld.c;677;1.565662145614624;0-2;Double bit-flip
testCases;lreg.cpp;164;2.203373670578003;0-2;Double bit-flip
tls_init_tp_called;rtld.c;677;1.9262416362762451;0-2;Double bit-flip
library_path;rtld.c;823;3.1061909198760986;0-2;Double bit-flip
__GI__dl_argv;rtld.c;83;2.0186314582824707;0-2;Double bit-flip
testCases;lreg.cpp;164;1.8375015258789062;0-2;Double bit-flip
audit_list;rtld.c;142;2.3930397033691406;0-2;Double bit-flip
__GI___libc_enable_secure;../elf/dl-sysdep.c;58;3.0133397579193115;0-2;Double bit-flip
audit_list_string;rtld.c;134;2.297637701034546;0-2;Double bit-flip
_rtld_global_ro;rtld.c;259;3.103421449661255;0-2;Double bit-flip
_rtld_global;rtld.c;231;1.9293227195739746;0-2;Double bit-flip
version_info;rtld.c;827;2.1805899143218994;0-2;Double bit-flip
__GI___libc_enable_secure;../elf/dl-sysdep.c;58;3.017808437347412;0-2;Double bit-flip
relocate_time;rtld.c;306;1.4988012313842773;0-2;Double bit-flip
tls_init_tp_called;rtld.c;677;2.3870489597320557;0-2;Double bit-flip
_rtld_global;rtld.c;231;2.9361417293548584;0-2;Double bit-flip
start_time;rtld.c;308;2.8683226108551025;0-2;Double bit-flip
_rtld_global_ro;rtld.c;259;2.579470634460449;0-2;Double bit-flip
preloadlist;rtld.c;825;2.0170469284057617;0-2;Double bit-flip
rtld_total_time;rtld.c;417;2.2670464515686035;0-2;Double bit-flip
__libc_multiple_libcs;../elf/dl-sysdep.c;60;2.4108002185821533;0-2;Double bit-flip
load_time;rtld.c;307;1.8484535217285156;0-2;Double bit-flip
audit_list_string;rtld.c;134;3.1034369468688965;0-2;Double bit-flip
_dl_argc;rtld.c;82;2.397653341293335;0-2;Double bit-flip
relocate_time;rtld.c;306;2.3476762771606445;0-2;Double bit-flip
library_path;rtld.c;823;2.914705514907837;0-2;Double bit-flip
library_path;rtld.c;823;2.2007081508636475;0-2;Double bit-flip
start_time;rtld.c;308;3.487203598022461;0-2;Double bit-flip
_dl_rtld_libname2;rtld.c;302;2.5607097148895264;0-2;Double bit-flip
__libc_multiple_libcs;../elf/dl-sysdep.c;60;1.9659826755523682;0-2;Double bit-flip
_dl_rtld_libname;rtld.c;301;3.049785852432251;0-2;Double bit-flip
__GI__dl_argv;rtld.c;83;2.467019557952881;0-2;Double bit-flip
__pointer_chk_guard_local;rtld.c;96;2.016505241394043;0-2;Double bit-flip
audit_list;rtld.c;142;2.092595338821411;0-2;Double bit-flip
testCases;lreg.cpp;164;1.6347734928131104;0-2;Double bit-flip
i;lreg.cpp;118;2.121720790863037;0-2;Double bit-flip
_rtld_global_ro;rtld.c;259;2.7017369270324707;0-2;Double bit-flip
iterations;lreg.cpp;105;1.734334945678711;0-2;Double bit-flip
load_time;rtld.c;307;2.723832845687866;0-2;Double bit-flip
audit_list_string;rtld.c;134;2.1606037616729736;0-2;Double bit-flip
iterations;lreg.cpp;105;2.0796704292297363;0-2;Double bit-flip
library_path;rtld.c;823;2.3981573581695557;0-2;Double bit-flip
start_time;rtld.c;308;2.615954637527466;0-2;Double bit-flip
preloadlist;rtld.c;825;1.4271624088287354;0-2;Double bit-flip
_rtld_global;rtld.c;231;2.184525489807129;0-2;Double bit-flip
__libc_multiple_libcs;../elf/dl-sysdep.c;60;3.4907963275909424;0-2;Double bit-flip
_dl_argc;rtld.c;82;1.6467363834381104;0-2;Double bit-flip
_dl_argc;rtld.c;82;2.7438127994537354;0-2;Double bit-flip
_dl_argc;rtld.c;82;2.5055441856384277;0-2;Double bit-flip
_rtld_global;rtld.c;231;2.876885414123535;0-2;Double bit-flip
tls_init_tp_called;rtld.c;677;2.389645576477051;0-2;Double bit-flip
__GI__dl_argv;rtld.c;83;1.468379020690918;0-2;Double bit-flip
tls_init_tp_called;rtld.c;677;2.5605907440185547;0-2;Double bit-flip
__GI___libc_enable_secure;../elf/dl-sysdep.c;58;1.5728657245635986;0-2;Double bit-flip
__pointer_chk_guard_local;rtld.c;96;3.4663572311401367;0-2;Double bit-flip
__PRETTY_FUNCTION__;rtld.c;0;2.8671891689300537;0-2;Double bit-flip
__GI___libc_enable_secure;../elf/dl-sysdep.c;58;2.3443796634674072;0-2;Double bit-flip
x;lreg.cpp;32;2.621347427368164;0-2;Double bit-flip
__y;/usr/include/c++/7/cmath;415;3.382308006286621;0-2;Double bit-flip
_dl_argc;rtld.c;82;1.9296705722808838;0-2;Double bit-flip
__libc_multiple_libcs;../elf/dl-sysdep.c;60;3.291161060333252;0-2;Double bit-flip
start_time;rtld.c;308;3.023529529571533;0-2;Double bit-flip
relocate_time;rtld.c;306;2.2189292907714844;0-2;Double bit-flip
exception;dl-deps.c;166;0.4971163272857666;0-2;Double bit-flip
audit_list;rtld.c;142;2.5331149101257324;0-2;Double bit-flip
_dl_argc;rtld.c;82;2.356921672821045;0-2;Double bit-flip
y;lreg.cpp;33;3.486372709274292;0-2;Double bit-flip
any_debug;rtld.c;2322;2.4362967014312744;0-2;Double bit-flip
_rtld_global;rtld.c;231;3.1800291538238525;0-2;Double bit-flip
start_time;rtld.c;308;1.9801015853881836;0-2;Double bit-flip
testCases;lreg.cpp;164;1.6886250972747803;0-2;Double bit-flip
__x;/usr/include/c++/7/cmath;415;2.1657090187072754;0-2;Double bit-flip
_dl_argc;rtld.c;82;1.4197747707366943;0-2;Double bit-flip
audit_list;rtld.c;142;2.010855197906494;0-2;Double bit-flip
library_path;rtld.c;823;2.863914728164673;0-2;Double bit-flip
__GI___libc_enable_secure;../elf/dl-sysdep.c;58;2.9880809783935547;0-2;Double bit-flip
__GI___libc_enable_secure;../elf/dl-sysdep.c;58;2.5437474250793457;0-2;Double bit-flip
audit_list;rtld.c;142;2.877786636352539;0-2;Double bit-flip
__pointer_chk_guard_local;rtld.c;96;2.2827084064483643;0-2;Double bit-flip
testCases;lreg.cpp;164;2.1568603515625;0-2;Double bit-flip
tls_init_tp_called;rtld.c;677;2.34848952293396;0-2;Double bit-flip
testCases;lreg.cpp;164;1.2695858478546143;0-2;Double bit-flip
relocate_time;rtld.c;306;1.8341047763824463;0-2;Double bit-flip
_dl_rtld_libname;rtld.c;301;1.9433879852294922;0-2;Double bit-flip
_dl_rtld_libname2;rtld.c;302;2.7090396881103516;0-2;Double bit-flip
__libc_multiple_libcs;../elf/dl-sysdep.c;60;1.4046735763549805;0-2;Double bit-flip
rtld_total_time;rtld.c;417;2.6853153705596924;0-2;Double bit-flip
any_debug;rtld.c;2322;1.7543189525604248;0-2;Double bit-flip
y;lreg.cpp;33;2.9197278022766113;0-2;Double bit-flip
iterations;lreg.cpp;105;1.11639404296875;0-2;Double bit-flip
audit_list_string;rtld.c;134;2.6912503242492676;0-2;Double bit-flip
testCases;lreg.cpp;164;1.4764549732208252;0-2;Double bit-flip
i;lreg.cpp;167;1.560330867767334;0-2;Double bit-flip
iterations;lreg.cpp;105;1.8310582637786865;0-2;Double bit-flip
_dl_argc;rtld.c;82;1.8985648155212402;0-2;Double bit-flip
testCases;lreg.cpp;164;1.4960970878601074;0-2;Double bit-flip
version_info;rtld.c;827;0.9887678623199463;0-2;Double bit-flip
testCases;lreg.cpp;164;0.9755747318267822;0-2;Double bit-flip
predictions;lreg.cpp;169;2.086904287338257;0-2;Double bit-flip
i;lreg.cpp;118;1.9583613872528076;0-2;Double bit-flip
testCases;lreg.cpp;164;1.1018011569976807;0-2;Double bit-flip
